Date,Open,High,Low,Close,Volume,rsi,macd_signal,bb_position,ema_distance,volume_ratio,Close_raw
2022-02-18,17236.05078125,17380.80078125,17219.19921875,0.8895028974790979,189600,0.4529091983502404,0.6247977766715862,0.41074783060355124,0.7446378963095543,0.23792303661706657,17276.30078125
2022-02-21,17192.25,17351.05078125,17070.69921875,0.8830934314341164,215200,0.433109204049674,0.624510349248753,0.34849885011037957,0.7350930158945059,0.2730297699076624,17206.650390625
2022-02-22,16847.94921875,17148.55078125,16843.80078125,0.8725612449903861,300100,0.4009797131797809,0.6226224665570513,0.2176311705253375,0.7186811215282319,0.38234821520481294,17092.19921875
2022-02-23,17194.5,17220.69921875,17027.849609375,0.8698972393338225,200200,0.3928100841934157,0.6196629527703038,0.20669498471041764,0.7185512679233055,0.26092524522530275,17063.25
2022-02-24,16548.900390625,16705.25,16203.25,0.7948705759119393,458000,0.22224619204479173,0.6053753895599218,0.0,0.5814836622442013,0.590226355546771,16247.9501953125
2022-02-25,16515.650390625,16748.80078125,16478.30078125,0.8326416001144541,329800,0.3593062747798736,0.5905599343672625,0.06646407126267365,0.6705441017559942,0.4269716662962592,16658.400390625
2022-02-28,16481.599609375,16815.900390625,16356.2998046875,0.8451107713754012,404200,0.39919090297632454,0.5783232690876504,0.19702244105729025,0.7035697624957278,0.5156110938129099,16793.900390625
2022-03-02,16593.099609375,16678.5,16478.650390625,0.8278148647273933,517700,0.36123809008598623,0.5661242933179449,0.11514316134392288,0.6768299490443788,0.6453191883158422,16605.94921875
2022-03-03,16723.19921875,16768.94921875,16442.94921875,0.8178856832072745,442100,0.3401953686714954,0.5534804042882951,0.08685707788054617,0.6665078605427094,0.5351802753442839,16498.05078125
2022-03-04,16339.4501953125,16456.0,16133.7998046875,0.7946312611412124,456100,0.2938244755418024,0.5381799631864731,0.0016696473370532924,0.6313669736163809,0.5315300856308881,16245.349609375
2022-03-07,15867.9501953125,15944.599609375,15711.4501953125,0.7594599879722536,585400,0.2339462247445467,0.5172568932192794,0.0,0.5759140529783822,0.6480809826071391,15863.150390625
2022-03-08,15747.75,16028.75,15671.4501953125,0.773291087641149,543600,0.28362379376457986,0.496407031807116,0.0568032419492986,0.6204653873511181,0.5769825234644274,16013.4501953125
2022-03-09,16078.0,16418.05078125,15990.0,0.8038336015551956,462200,0.38343052613917833,0.48170379527364915,0.24817260678586775,0.6938631021421079,0.4769071874866561,16345.349609375
2022-03-10,16757.099609375,16757.30078125,16447.900390625,0.8267981139515749,486400,0.4495680288379273,0.47554980017429094,0.38821711319796554,0.7458387492268452,0.48444633807324655,16594.900390625
2022-03-11,16528.80078125,16694.400390625,16470.900390625,0.8300694381288191,343700,0.4587748123578743,0.476118251925302,0.4259363534391106,0.7545649662780584,0.3390179159304138,16630.44921875
2022-03-14,16633.69921875,16887.94921875,16606.5,0.8522334188024664,314700,0.5196544210398256,0.4846911952546325,0.5739713177019985,0.7992516518051969,0.307804245142621,16871.30078125
2022-03-15,16900.650390625,16927.75,16555.0,0.8330648718268551,381600,0.4702960996878786,0.49554945801466016,0.46041694480859274,0.7592155905604703,0.3694030776676637,16663.0
2022-03-16,16876.650390625,16987.900390625,16837.849609375,0.861808346163289,260000,0.5453622986343231,0.5120158221055188,0.656106204781713,0.8162067690286244,0.2530118574733538,16975.349609375
2022-03-17,17202.900390625,17344.599609375,17175.75,0.8904921490736011,448300,0.6104789038123811,0.5358326439152179,0.8450913118751096,0.8673411965828868,0.42450760957505834,17287.05078125
2022-03-21,17329.5,17353.349609375,17096.400390625,0.87489867540218,285500,0.5672181349462007,0.5611353804676147,0.7560876465486626,0.8278051980197553,0.26845433842250943,17117.599609375
2022-03-22,17120.400390625,17334.400390625,17006.30078125,0.8931101430280948,338300,0.608153856754702,0.5890883123512659,0.8743261515883347,0.8573593107382664,0.31201662139675646,17315.5
2022-03-23,17405.05078125,17442.400390625,17199.599609375,0.8866823441955699,292100,0.5893381164922021,0.616591985835018,0.8283469783479905,0.836562447044008,0.26676686631941393,17245.650390625
2022-03-24,17094.94921875,17291.75,17091.150390625,0.8845749722941255,290300,0.5829096117831751,0.6423004957653091,0.8051821034752522,0.8261311972548073,0.2654543712760683,17222.75
2022-03-25,17289.0,17294.900390625,17076.55078125,0.8781563398553722,237100,0.5625645075092217,0.6647712066137281,0.7581473156418537,0.8084667023943067,0.21579192144959183,17153.0
2022-03-28,17181.849609375,17235.099609375,17003.900390625,0.8845059547410207,253200,0.5802665703047843,0.6850977298652643,0.7706790751468872,0.8169878999235546,0.236596389085427,17222.0
2022-03-29,17297.19921875,17343.650390625,17235.69921875,0.8940120442819497,235100,0.6068172790779784,0.7044961836641866,0.800617242221518,0.8306837951480059,0.2224287594836174,17325.30078125
2022-03-30,17468.150390625,17522.5,17387.19921875,0.9099274201346489,505000,0.64933023831881,0.7246766048379628,0.8582689350304633,0.8551899981212056,0.47150970102482015,17498.25
2022-03-31,17519.19921875,17559.80078125,17435.19921875,0.9068446360959646,281100,0.6371688575444466,0.7438275538244193,0.806199594973857,0.8410999540725058,0.2708026054685742,17464.75
2022-04-01,17436.900390625,17703.69921875,17422.69921875,0.9257737784342434,291800,0.687088396865186,0.7640638287345155,0.8666755448849549,0.870114332416983,0.2869051833119758,17670.44921875
2022-04-04,17809.099609375,18114.650390625,17791.400390625,0.9610142488895184,345500,0.7644321962577494,0.7890087321227912,0.9842750573581815,0.9267442724663437,0.34493650593855957,18053.400390625
2022-04-05,18080.599609375,18095.44921875,17921.55078125,0.9521800020920945,283500,0.7275917504630411,0.8141423935312044,0.9166902248482172,0.8947063535090521,0.29545935183617683,17957.400390625
2022-04-06,17842.75,17901.0,17779.849609375,0.9383994973221549,328800,0.6718208772358717,0.8358366442484764,0.8296006971922684,0.8567367334309332,0.353715241287537,17807.650390625
2022-04-07,17723.30078125,17787.5,17623.69921875,0.9229303990328915,308800,0.6129843789664633,0.8516997344675656,0.7182776804086596,0.8194471121497867,0.34002662424175173,17639.55078125
2022-04-08,17698.150390625,17842.75,17600.55078125,0.9362552801124123,274400,0.6484590347234391,0.8647401669872109,0.7841894477737438,0.8396059442393382,0.3123174680586526,17784.349609375
2022-04-11,17740.900390625,17779.05078125,17650.94921875,0.9261878837528725,251700,0.6098099033914403,0.873518835220882,0.6951402422912071,0.8141664131758969,0.2907270563800156,17674.94921875
2022-04-12,17584.849609375,17595.30078125,17442.349609375,0.912876842130615,266000,0.5606623818958406,0.8768597150268085,0.5745079161452353,0.785175977438881,0.30967410177493937,17530.30078125
2022-04-13,17599.900390625,17663.650390625,17457.400390625,0.907847727147731,245100,0.5423886023395164,0.8755221273071933,0.504036926385485,0.7744127888833328,0.291810822837894,17475.650390625
2022-04-18,17183.44921875,17237.75,17067.849609375,0.8800566590975021,376100,0.4500456391441306,0.8668800520283974,0.2163771454322665,0.7221479513449751,0.43930653457863195,17173.650390625
2022-04-19,17258.94921875,17275.650390625,16824.69921875,0.8602716272074383,401400,0.39394726614850906,0.8508685404715145,0.0658609957279926,0.6896023034148949,0.4724686709652929,16958.650390625
2022-04-20,17045.25,17186.900390625,16978.94921875,0.8766426267505566,286100,0.4536526610835892,0.8331913706382693,0.21664528916119943,0.7279244125227736,0.3367214057268998,17136.55078125
2022-04-21,17234.599609375,17414.69921875,17215.5,0.9002051115406335,285200,0.5304685401020759,0.8186096551088038,0.43354584075432956,0.7761820040352039,0.3386139313019315,17392.599609375
2022-04-22,17242.75,17315.30078125,17149.19921875,0.8799001114705376,262700,0.4689678578092606,0.8035218369059299,0.24852886390402026,0.737549760560927,0.31342604549432423,17171.94921875
2022-04-25,17009.05078125,17054.30078125,16888.69921875,0.8598390093680545,275700,0.4143407959583235,0.785767347275211,0.09631749335429753,0.7029036649509295,0.32973745267833265,16953.94921875
2022-04-26,17121.30078125,17223.849609375,17064.44921875,0.8825551304665407,261100,0.487991508399741,0.7704684652701314,0.29293090554363593,0.7520761645183799,0.3110305341210688,17200.80078125
2022-04-27,17073.349609375,17110.69921875,16958.44921875,0.8676104936875899,265100,0.44671791462110405,0.755198728077478,0.177845660450608,0.7256544609529446,0.315172269025218,17038.400390625
2022-04-28,17189.5,17322.5,17071.05078125,0.8866271660997282,312900,0.5059155019482836,0.7434691927098369,0.3455611205724778,0.7657840067538139,0.36726244550059184,17245.05078125
2022-04-29,17329.25,17377.650390625,17053.25,0.8735138310098023,336200,0.468375265971271,0.7325925731934716,0.2552521632592398,0.7415017188259764,0.40582588637564504,17102.55078125
2022-05-02,16924.44921875,17092.25,16917.25,0.8704355403013982,278200,0.4595337776240098,0.7223416312764769,0.25138438784998635,0.7384380543822852,0.3359783338652242,17069.099609375
2022-05-04,17096.599609375,17132.849609375,16623.94921875,0.8344083775806543,310600,0.3659115889036279,0.7077148784019262,0.036000568068600976,0.6731576628122432,0.3739231724138916,16677.599609375
2022-05-05,16854.75,16945.69921875,16651.849609375,0.834873167664845,265800,0.36761888069506904,0.6912113211546144,0.07543565152912063,0.6830817480963349,0.32433030065723223,16682.650390625
2022-05-06,16415.55078125,16484.19921875,16340.900390625,0.8098979798346526,300500,0.31024387246367774,0.6707888705218628,0.0,0.6434595142163789,0.36561351610124676,16411.25
2022-05-09,16227.7001953125,16403.69921875,16142.099609375,0.7998305834751129,288400,0.28896385156189175,0.6476137901793679,0.0,0.6357939517758574,0.3533140642379505,16301.849609375
2022-05-10,16248.900390625,16404.55078125,16197.2998046875,0.7941435550725925,283100,0.2769119211494553,0.6232589201670872,0.007446252951524856,0.6371797750276976,0.34835096132426346,16240.0498046875
2022-05-11,16270.0498046875,16318.75,15992.599609375,0.7874304297672706,284300,0.2624706244726359,0.5986764148696854,0.02209069023987515,0.6364067036777761,0.3492341304129517,16167.099609375
2022-05-12,16021.099609375,16041.9501953125,15735.75,0.7543848612872995,314900,0.19915805693580704,0.5706552509470906,0.0,0.5842464239914289,0.38267915274521735,15808.0
2022-05-13,15977.0,16083.599609375,15740.849609375,0.7520060922369272,369100,0.1950110509205883,0.5419406822004911,0.0,0.5964175739905775,0.44084088283664247,15782.150390625
2022-05-16,15845.099609375,15977.9501953125,15739.650390625,0.7575412460759746,217600,0.22226896644697003,0.5155199978652197,0.07541814088111239,0.6231418735144877,0.26109043894933104,15842.2998046875
2022-05-17,15912.599609375,16284.25,15900.7998046875,0.7959150056022842,295700,0.3868288159789214,0.4980389370723662,0.2990693027667292,0.7124321359598181,0.3596391576128892,16259.2998046875
2022-05-18,16318.150390625,16399.80078125,16211.2001953125,0.7941665609236274,290400,0.3822341973863406,0.4873286917139065,0.30872237692852383,0.714438556515227,0.359971692459369,16240.2998046875
2022-05-19,15917.400390625,15984.75,15775.2001953125,0.7545137299997375,313900,0.28953543507806895,0.47612035926502394,0.14388205303814203,0.6411195183609616,0.38724028726492327,15809.400390625
2022-05-20,16043.7998046875,16283.0498046875,16003.849609375,0.7965454198406055,252400,0.43493950128891484,0.47193243732648293,0.376955555249098,0.7365924688003269,0.3131386711911386,16266.150390625
2022-05-23,16290.9501953125,16414.69921875,16185.75,0.79181079772429,293800,0.4233598564864298,0.4722355343404874,0.3700520486128543,0.7304072650483754,0.36255013524051016,16214.7001953125
2022-05-24,16225.5498046875,16262.7998046875,16078.599609375,0.7835701198568892,249800,0.4028031491870133,0.47469211560038654,0.3424641886825864,0.7178077576988178,0.3096343642209856,16125.150390625
2022-05-25,16196.349609375,16223.349609375,16006.9501953125,0.7744275407356337,243300,0.3800281892444996,0.47758582381574893,0.3099140758668032,0.7045387928311198,0.30250841343598583,16025.7998046875
2022-05-26,16105.0,16204.4501953125,15903.7001953125,0.7877111730431816,314300,0.42769366078727716,0.48311220192696314,0.40972744785597004,0.7372487216575824,0.38748037569281873,16170.150390625
2022-05-27,16296.599609375,16370.599609375,16221.9501953125,0.8044870216445517,274100,0.484253177340708,0.4930107757217388,0.5515694861713257,0.7738669678198735,0.3401901723079622,16352.4501953125
2022-05-30,16527.900390625,16695.5,16506.150390625,0.8329176703268736,251400,0.568582084446972,0.5098355154318068,0.8129601802562539,0.8301089053598462,0.31666560142163064,16661.400390625
2022-05-31,16578.44921875,16690.75,16521.900390625,0.8258457076653698,651600,0.5458223775589989,0.5295602715052236,0.8185539780072167,0.8103307155652203,0.7702296936874273,16584.55078125
2022-06-01,16594.400390625,16649.19921875,16438.849609375,0.8201585893962438,249600,0.5272118554302831,0.5496683812656655,0.7805657498425872,0.7952359240416675,0.2980395399937682,16522.75
2022-06-02,16481.650390625,16646.400390625,16443.05078125,0.829844052681961,236000,0.5576047642387143,0.5707791573305114,0.8882782391925226,0.8120677916921039,0.2832058580776411,16628.0
2022-06-03,16761.650390625,16793.849609375,16567.900390625,0.8258227018143349,245500,0.5430905566424101,0.5911626394472074,0.827333492342675,0.8001251443200894,0.29734351367045664,16584.30078125
2022-06-06,16530.69921875,16610.94921875,16444.55078125,0.8244653566032724,233600,0.5379566295679684,0.6101182952441166,0.7909960130886945,0.7946130486760359,0.28557437852506967,16569.55078125
2022-06-07,16469.599609375,16487.25,16347.099609375,0.8103672632491236,233800,0.48517821141041817,0.6253634253451551,0.6454496485110837,0.764429882687666,0.2882420290418343,16416.349609375
2022-06-08,16474.94921875,16514.30078125,16293.349609375,0.8048366926069619,243500,0.4651653194520702,0.6368880657443874,0.5840269651697011,0.754067510868468,0.30232190040881946,16356.25
2022-06-09,16263.849609375,16492.80078125,16243.849609375,0.8160497084547581,205000,0.5107728430039633,0.6473191661802866,0.6718523315269865,0.777854485386919,0.25945971333607665,16478.099609375
2022-06-10,16283.9501953125,16324.7001953125,16172.599609375,0.7906236598642439,189700,0.42054651615259986,0.6529440274650348,0.3822770759856972,0.726763351305829,0.2479480436328786,16201.7998046875
2022-06-13,15877.5498046875,15886.150390625,15684.0,0.7512929108548435,225500,0.31360990288115104,0.649628150065067,0.0,0.6525161085093206,0.2943166560911285,15774.400390625
2022-06-14,15674.25,15858.0,15659.4501953125,0.7474002489664442,225400,0.30444318830682876,0.6404723591033332,0.0033544788141791457,0.6556017614753491,0.2980000445198952,15732.099609375
2022-06-15,15729.25,15783.650390625,15678.900390625,0.7437239858643424,183000,0.2954680323747218,0.627779048464771,0.03938411311132873,0.6588205677055575,0.24683200213691767,15692.150390625
2022-06-16,15832.25,15863.150390625,15335.099609375,0.713213554328497,264700,0.22809085644245847,0.6092560633784402,0.0,0.6074671105182766,0.36036538954773367,15360.599609375
2022-06-17,15272.650390625,15400.400390625,15183.400390625,0.7070388198573565,342600,0.21590252641011815,0.5873964274036515,0.0,0.6097485312927855,0.4585646371386986,15293.5
2022-06-20,15334.5,15382.5,15191.099609375,0.7122519816485202,260000,0.24231641070918714,0.5656635978325657,0.05539297516338049,0.6350506056802613,0.3502158718581264,15350.150390625
2022-06-21,15455.9501953125,15707.25,15419.849609375,0.7388144833335191,262800,0.36520476027025534,0.5494136205988556,0.238535136691317,0.7018472009801235,0.35312491726959944,15638.7998046875
2022-06-22,15545.650390625,15565.400390625,15385.9501953125,0.7180632056999872,220900,0.3126715183567045,0.5347892348026695,0.15148761017312803,0.6657501196119839,0.2980752294544819,15413.2998046875
2022-06-23,15451.5498046875,15628.4501953125,15367.5,0.7312548146033953,259200,0.3681231982177309,0.5243168301149587,0.24806649992575627,0.7025766956042924,0.35342125292277976,15556.650390625
2022-06-24,15657.400390625,15749.25,15619.4501953125,0.744377316087093,219600,0.42029989725000494,0.5193759419848776,0.3364218656865339,0.7359214520427358,0.3025625070741772,15699.25
2022-06-27,15926.2001953125,15927.4501953125,15815.5,0.7565980061835414,210900,0.4664247126052051,0.5204197922045566,0.4204745408035051,0.7643067176524166,0.29285514171377686,15832.0498046875
2022-06-28,15757.4501953125,15892.099609375,15710.150390625,0.7582682669153216,251900,0.47275539948330353,0.5258634629702169,0.4469620456485663,0.7683404682229363,0.37913976553540335,15850.2001953125
2022-06-29,15701.7001953125,15861.599609375,15687.7998046875,0.7535658170438129,444900,0.4562411236126494,0.53353252926245,0.43624023135391665,0.7589053767147055,0.6432533774113102,15799.099609375
2022-06-30,15774.5,15890.0,15728.849609375,0.7518312118224193,306000,0.4499130841511815,0.5423667916278336,0.44574579731708364,0.7564573490662031,0.43626759826800604,15780.25
2022-07-01,15703.7001953125,15793.9501953125,15511.0498046875,0.7492361338523549,364100,0.43998133664628014,0.5514938711517194,0.4497715817535372,0.7524690769171348,0.5071402260997736,15752.0498046875
2022-07-04,15710.5,15852.349609375,15661.7998046875,0.7569016654438817,304300,0.4765614547852812,0.5618410471093434,0.533488265616568,0.7699587017182693,0.4181041814157836,15835.349609375
2022-07-05,15909.150390625,16025.75,15785.4501953125,0.7546470920424558,254200,0.46677966252710873,0.5724418731421079,0.5418484606625608,0.7653909403972462,0.34790723230764037,15810.849609375
2022-07-06,15818.2001953125,16011.349609375,15800.900390625,0.7711146981865997,288400,0.5441923259944064,0.5854087908996397,0.725331753754216,0.7997221353393962,0.39135997878527495,15989.7998046875
2022-07-07,16113.75,16150.5,16045.9501953125,0.7842833012389729,264600,0.5988092877317096,0.6014266809196809,0.9318594159809303,0.8239128955498781,0.35505778399105126,16132.900390625
2022-07-08,16273.650390625,16275.5,16157.900390625,0.7923536818887517,281100,0.6301136480408858,0.619977979175917,1.0,0.8352574147816918,0.3708542038931995,16220.599609375
2022-07-11,16136.150390625,16248.5498046875,16115.5,0.7919304101763507,255900,0.627749181952685,0.6393130490783686,0.9483902236147462,0.8281346701822716,0.3357297619861423,16216.0
2022-07-12,16126.2001953125,16158.75,16031.150390625,0.7774183013701782,208600,0.5492422303438732,0.6561764123480058,0.7728031023066126,0.7930038241185637,0.2745181779610496,16058.2998046875
2022-07-13,16128.2001953125,16140.0,15950.150390625,0.7689844103007261,233300,0.5074905995278896,0.6695133650167181,0.6731941449241887,0.7736617348451971,0.3042145560084195,15966.650390625
2022-07-14,16018.849609375,16070.849609375,15858.2001953125,0.7664077549848107,228600,0.4947900699114149,0.6796794070098738,0.6283349299794517,0.7681176084102289,0.300056105742254,15938.650390625
2022-07-15,16010.7998046875,16066.9501953125,15927.2998046875,0.7765809243391479,205800,0.5464694177236195,0.6889170131441014,0.7194189748724025,0.7891139164471056,0.27706877821184217,16049.2001953125
2022-07-18,16151.400390625,16287.9501953125,16142.2001953125,0.7976818729350901,227700,0.6383209209556623,0.7002677591421944,0.9357844763501503,0.8302874541865001,0.308423551709725,16278.5
2022-07-19,16187.0498046875,16359.5,16187.0498046875,0.8033919071886455,222600,0.6604023639809398,0.7132360679656116,0.9413556386293876,0.8360987270420804,0.3038231188727592,16340.5498046875
2022-07-20,16562.80078125,16588.0,16490.94921875,0.8199837089817359,284400,0.7194689982750073,0.7289986166995348,1.0,0.8633045690973905,0.3835362673285763,16520.849609375
2022-07-21,16523.55078125,16626.94921875,16483.900390625,0.8277505202377798,243600,0.744577055716846,0.7468116006927336,1.0,0.8699019880953348,0.3294810429884015,16605.25
2022-07-22,16661.25,16752.25,16610.900390625,0.8382595210972641,190900,0.7767751737813962,0.7664643439411244,1.0,0.88128276181573,0.2596073533288159,16719.44921875
2022-07-25,16662.55078125,16706.05078125,16564.25,0.8301201228943805,211400,0.7236098803086358,0.7849387728041135,0.9224671378948347,0.8541468389372004,0.2874583019367143,16631.0
2022-07-26,16632.900390625,16636.099609375,16463.30078125,0.8165788430285621,208200,0.6418904688831968,0.7995677960553532,0.7707108858327317,0.8189452388153043,0.28547316734133527,16483.849609375
2022-07-27,16475.349609375,16653.44921875,16438.75,0.8311140475523752,185200,0.6948508732129308,0.8129804484789539,0.8594331369542993,0.843306215826383,0.2672087729687491,16641.80078125
2022-07-28,16774.849609375,16947.650390625,16746.25,0.8575982754238918,376300,0.7740436838060109,0.8286164855633529,1.0,0.8888912489043542,0.5353559205711267,16929.599609375
2022-07-29,17079.5,17172.80078125,17018.150390625,0.8786394627271064,436100,0.8243378927808144,0.8476785468253419,1.0,0.9188394417499738,0.6116925604376449,17158.25
2022-08-01,17243.19921875,17356.25,17154.80078125,0.8953693894930121,381500,0.8587807764810365,0.8700628204748604,1.0,0.9370084926168228,0.5271461980706142,17340.05078125
2022-08-02,17310.150390625,17390.150390625,17215.849609375,0.8958661720887983,333600,0.8597775379299023,0.8930897675427324,1.0,0.9214201733278159,0.454011392763289,17345.44921875
2022-08-03,17349.25,17407.5,17225.849609375,0.8997956792854958,285400,0.8680361559419242,0.9154989821223394,0.9558404806684218,0.9141170544355708,0.3886351502505707,17388.150390625
2022-08-04,17463.099609375,17490.69921875,17161.25,0.8992296994033936,325000,0.8641013580579076,0.9358200991999869,0.8982626436021548,0.898825306903652,0.4375396596319603,17382.0
2022-08-05,17423.650390625,17474.400390625,17348.75,0.900656062167561,355300,0.867485816499279,0.9534879137421852,0.8608892129213331,0.8889484170078507,0.4717584547862825,17397.5
2022-08-08,17401.5,17548.80078125,17359.75,0.9123982125891612,257000,0.8947321204790298,0.969765331525555,0.8757609087443516,0.8999092229480138,0.3411686679930397,17525.099609375
2022-08-10,17566.099609375,17566.099609375,17442.80078125,0.9132862743857527,312700,0.8967543272587035,0.9838821308640099,0.8429937792667719,0.888868855202177,0.40726032399427076,17534.75
2022-08-11,17711.650390625,17719.30078125,17631.94921875,0.9247201823501268,311200,0.9222435684058686,0.9969888447134863,0.865983051395091,0.8990727170657703,0.39965094438302234,17659.0
2022-08-12,17659.650390625,17724.650390625,17597.849609375,0.9283229345688434,303900,0.9299378134962215,1.0,0.8565679283235424,0.8932638129731173,0.38508189092470063,17698.150390625
2022-08-16,17797.19921875,17839.099609375,17764.05078125,0.9400190732883736,0,0.953756015423858,1.0,0.8879004980986985,0.9033386513861832,0.0,17825.25
2022-08-17,17868.150390625,17965.94921875,17833.349609375,0.9509698583810136,262800,0.9738288785023372,1.0,0.9063186612331915,0.910878146629843,0.3433621919775876,17944.25
2022-08-18,17898.650390625,17968.44921875,17852.05078125,0.9520971450817265,263900,0.9758522344274003,1.0,0.8769818942414518,0.8991298996234998,0.3422235711459658,17956.5
2022-08-19,17966.55078125,17992.19921875,17710.75,0.9338718379985484,295600,0.8194500574737411,1.0,0.7499152809720926,0.8523561906726187,0.3825568740767493,17758.44921875
2022-08-22,17682.900390625,17690.05078125,17467.349609375,0.9092325715401087,287600,0.6553006074260259,1.0,0.5861916140771043,0.7982656800951848,0.36927046229770716,17490.69921875
2022-08-23,17357.349609375,17625.55078125,17345.19921875,0.9172202749127305,285600,0.6849004535362502,1.0,0.6171697634445168,0.810578803595066,0.3605868264617856,17577.5
2022-08-24,17525.44921875,17623.650390625,17499.25,0.9197462454630844,262000,0.694256356368653,1.0,0.6141543373137208,0.8114597663789611,0.3278687589179795,17604.94921875
2022-08-25,17679.0,17726.5,17487.44921875,0.9121543146215484,230200,0.6458841495812566,1.0,0.5310114150592837,0.7933455486623315,0.2869719774685064,17522.44921875
2022-08-26,17619.30078125,17685.849609375,17519.349609375,0.9155086755423719,266600,0.6601464380564274,1.0,0.5299463048482997,0.7974381018203247,0.3277104399836274,17558.900390625
2022-08-29,17188.650390625,17380.150390625,17166.19921875,0.8928709181239735,244900,0.5283764953867242,0.9873996888733141,0.21467098126925527,0.7525644982567155,0.3079749185465296,17312.900390625
2022-08-30,17414.94921875,17777.650390625,17401.5,0.9339502016786363,324700,0.6863698380762041,0.9736126576479553,0.7359424035381232,0.8310006061917653,0.41646577314321265,17759.30078125
2022-09-01,17485.69921875,17695.599609375,17468.44921875,0.9140271346823629,308500,0.5920435932266422,0.9593776174840626,0.4366936494953174,0.7880555927644116,0.40092351828606343,17542.80078125
2022-09-02,17598.400390625,17643.849609375,17476.44921875,0.9137187124919255,256300,0.5906462897469021,0.9450197123330475,0.4150830686203205,0.7858168765365982,0.33781860562045496,17539.44921875
2022-09-05,17546.44921875,17683.150390625,17540.349609375,0.9253460133915621,230300,0.6325461460591861,0.9325386772615497,0.5785828372913653,0.8060159521197717,0.3066555346395887,17665.80078125
2022-09-06,17695.69921875,17764.650390625,17587.650390625,0.9244072668294091,251200,0.6277400070300261,0.9212684147018987,0.545444550643866,0.800871862325504,0.3391334010117321,17655.599609375
2022-09-07,17519.400390625,17650.75,17484.30078125,0.9215362085135309,354100,0.612308149838641,0.9104692341584829,0.4778654257685457,0.7926373252189671,0.47816194361013004,17624.400390625
2022-09-08,17748.150390625,17807.650390625,17691.94921875,0.9375804530786681,279800,0.6731324027855451,0.9024615053881097,0.7406049494301058,0.8203013607338008,0.3762146485481999,17798.75
2022-09-09,17923.349609375,17925.94921875,17786.0,0.9407644269152641,270300,0.6845266214941408,0.8966786533263645,0.7684808769717868,0.8214037268039891,0.3663543994334859,17833.349609375
2022-09-12,17890.849609375,17980.55078125,17889.150390625,0.9502428375416666,228200,0.7179331269569756,0.8935885635914746,0.8852648795056401,0.834013133585659,0.3142242905283996,17936.349609375
2022-09-13,18044.44921875,18088.30078125,18015.44921875,0.9625464745150888,259900,0.7579459431488126,0.8937662165299626,0.9971109736513835,0.8505370964786192,0.3609243656267924,18070.05078125
2022-09-14,17771.150390625,18091.55078125,17771.150390625,0.9564452509273335,365900,0.7182359021802719,0.8946913486493927,0.8765173615939823,0.8315545378511647,0.4744964178943118,18003.75
2022-09-15,18046.349609375,18096.150390625,17861.5,0.9448181297609081,289600,0.6464999823722778,0.893929678143532,0.7240236560787229,0.8043071642524042,0.3737393666966083,17877.400390625
2022-09-16,17796.80078125,17820.05078125,17497.25,0.9129273471629652,468500,0.4891099849165052,0.8870630705046378,0.29678557133516575,0.742410535605561,0.583139122126936,17530.849609375
2022-09-19,17540.650390625,17667.19921875,17429.69921875,0.921338322247988,258300,0.5257607291905252,0.8775898754035236,0.4276491506517674,0.7605854788873402,0.3236000587642288,17622.25
2022-09-20,17770.400390625,17919.30078125,17744.400390625,0.9391908626511152,263100,0.5967975055898302,0.8692506933364168,0.6676567141289969,0.7944099671760879,0.331030789766295,17816.25
2022-09-21,17766.349609375,17838.69921875,17663.599609375,0.9301817354391835,245500,0.5549714690591568,0.8603959486650983,0.5255614605625861,0.775566797788015,0.3110757924527063,17718.349609375
2022-09-22,17609.650390625,17722.75,17532.44921875,0.9220331708425282,284100,0.5183830468251766,0.850165590824391,0.402221542007359,0.7601016242450733,0.3585856327917811,17629.80078125
2022-09-23,17593.849609375,17642.150390625,17291.650390625,0.8942005844205095,390800,0.4105191361235632,0.8352187659895911,0.035659050661279744,0.7097553519427928,0.4796970833821091,17327.349609375
2022-09-26,17156.30078125,17196.400390625,16978.30078125,0.8655768124027419,492000,0.32456667148037355,0.8136263517995481,0.0,0.6623918278487815,0.5814771909874866,17016.30078125
2022-09-27,17110.900390625,17176.44921875,16942.349609375,0.8647577681592551,359900,0.32231868123484353,0.7886692749976015,0.0,0.670872374573846,0.41743906599649755,17007.400390625
2022-09-28,16870.55078125,17037.599609375,16820.400390625,0.8510646137299638,323900,0.285061149384221,0.7607423267311253,0.0,0.6545266802440468,0.3757321912476908,16858.599609375
2022-09-29,16993.599609375,17026.05078125,16788.599609375,0.8473376658623006,340000,0.2751807117347424,0.7317791809650892,0.0,0.6582423319057712,0.3924085226070996,16818.099609375
2022-09-30,16798.05078125,17187.099609375,16747.69921875,0.872759131255929,376100,0.40140569080440974,0.7074024083355042,0.20221415689020267,0.7163971826120165,0.4258598621627212,17094.349609375
2022-10-03,17102.099609375,17114.650390625,16855.55078125,0.853710286598984,278400,0.34431007628605304,0.6844058379201724,0.11635781021713397,0.6856515757927778,0.3128569222181457,16887.349609375
2022-10-04,17147.44921875,17287.30078125,17117.30078125,0.8893188506708183,226000,0.4866232393004816,0.6688047909583941,0.36849523471806356,0.7606325295135137,0.2549786847522724,17274.30078125
2022-10-06,17379.25,17428.80078125,17315.650390625,0.8946101964088585,265500,0.5051041501057089,0.6595551452669782,0.4130496248607205,0.7715306832134687,0.3037791649898455,17331.80078125
2022-10-07,17287.19921875,17337.349609375,17216.94921875,0.8930319590812182,216300,0.4994903291669864,0.654679487143316,0.41620696357874903,0.7684828753164321,0.25001941665839517,17314.650390625
2022-10-10,17094.349609375,17280.150390625,17064.69921875,0.8862543994196774,234000,0.47469306295078734,0.6519549635504021,0.38641881787991367,0.7559484229287259,0.2720710445572369,17241.0
2022-10-11,17256.05078125,17261.80078125,16950.30078125,0.8625630459171624,282600,0.39575411143453093,0.6473922970266051,0.24724007225891748,0.7127047066059056,0.32570455466154524,16983.55078125
2022-10-12,17025.55078125,17142.349609375,16960.05078125,0.875450815827019,256000,0.4492024589338314,0.6439817919471313,0.35748134177952046,0.7424729168518293,0.2952323981665971,17123.599609375
2022-10-13,17087.349609375,17112.349609375,16956.94921875,0.8653972589247425,266400,0.41621891204370653,0.6401684375198364,0.2970691924078222,0.7261430437864494,0.312223600042138,17014.349609375
2022-10-14,17322.30078125,17348.55078125,17169.75,0.8811654332774602,227000,0.48044835136515435,0.6388079994876517,0.45323637805485323,0.7601468676019604,0.26879719587136636,17185.69921875
2022-10-17,17144.80078125,17328.55078125,17098.55078125,0.8927697283260619,212200,0.5243082289065989,0.6409520649866071,0.5735374867989249,0.7830576833271538,0.262379358054526,17311.80078125
2022-10-18,17438.75,17527.80078125,17434.05078125,0.9088874837745844,239500,0.580734958493738,0.6477354696982697,0.7416553099288515,0.8122476721026926,0.2970983676839072,17486.94921875
2022-10-19,17568.150390625,17607.599609375,17472.849609375,0.9112157477926066,210500,0.5886734240871638,0.6575812188451621,0.8080635897433593,0.8126208120412809,0.26352247120270916,17512.25
2022-10-20,17423.099609375,17584.150390625,17421.0,0.9159732858933514,249600,0.6054424865770958,0.6696754650820618,0.890119492676748,0.8175122308144298,0.3122477486777735,17563.94921875
2022-10-21,17622.849609375,17670.150390625,17520.75,0.9171099187210472,277700,0.6096085813580447,0.6828297215821034,0.9144944285437445,0.8151246117044093,0.3477890415025593,17576.30078125
2022-10-24,17736.349609375,17777.55078125,17707.400390625,0.9313228615971596,45000,0.66049212539329,0.6981381737638095,1.0,0.8374291911335302,0.05998093801718215,17730.75
2022-10-25,17808.30078125,17811.5,17637.0,0.924476284382514,251400,0.6246816191025094,0.7130391439308547,0.8795191022786054,0.8181739312170874,0.3507851181493486,17656.349609375
2022-10-27,17771.400390625,17783.900390625,17654.5,0.9318933348095421,324600,0.6520264484691659,0.7280138322934576,0.8998403677860138,0.8274197124064542,0.4560563074753779,17736.94921875
2022-10-28,17756.400390625,17838.900390625,17723.69921875,0.9364808452924817,250000,0.6688359267084146,0.7429093813281566,0.899562430665922,0.8304658009793776,0.3564065131721461,17786.80078125
2022-10-31,17910.19921875,18022.80078125,17899.900390625,0.9572227767990306,227200,0.7378076299828734,0.7599778921710398,1.0,0.8631499437293699,0.3313343328605273,18012.19921875
2022-11-01,18130.69921875,18175.80078125,18060.150390625,0.9694804020703828,349900,0.773046154704397,0.7792293510909336,1.0,0.8767576262960707,0.5130064591571737,18145.400390625
2022-11-02,18177.900390625,18178.75,18048.650390625,0.9637242662481519,270900,0.737739460595699,0.7978603254282732,0.9362686740996181,0.8557642060371939,0.3977906127807959,18082.849609375
2022-11-03,17968.349609375,18106.30078125,17959.19921875,0.9609497246666937,213000,0.720431773218315,0.814542591011172,0.8664966273569139,0.8423721473189922,0.31360505751770384,18052.69921875
2022-11-04,18053.400390625,18135.099609375,18017.150390625,0.9668807409034326,267900,0.7404279858897431,0.8297891144091452,0.8658150186007154,0.8462888276509906,0.394241341605271,18117.150390625
2022-11-07,18211.75,18255.5,18064.75,0.9747625814146513,314800,0.7662930895821415,0.8442490619448146,0.8752042395137272,0.853356283422585,0.45407840225257723,18202.80078125
2022-11-09,18288.25,18296.400390625,18117.5,0.9705478376117626,307200,0.7366491572626832,0.8565571425926556,0.8108227985577399,0.8376117314957475,0.4366845072457431,18157.0
2022-11-10,18044.349609375,18103.099609375,17969.400390625,0.9586951512652679,256500,0.6572948591213841,0.8648181691464889,0.7090917834783841,0.8095054409241277,0.3665112306119887,18028.19921875
2022-11-11,18272.349609375,18362.30078125,18259.349609375,0.9882806756962236,378500,0.7599073149454266,0.8741367396085584,0.8913766788763969,0.8596096565506584,0.527946178681718,18349.69921875
2022-11-14,18376.400390625,18399.44921875,18311.400390625,0.9863897025810767,301400,0.747867966176951,0.8830027285246557,0.8592514476265966,0.8475056243075195,0.41756074664515935,18329.150390625
2022-11-15,18362.75,18427.94921875,18282.0,0.9932224403384592,250900,0.7693667374049066,0.8917571475618543,0.888399247307025,0.8523931158498186,0.34599983513272026,18403.400390625
2022-11-16,18398.25,18442.150390625,18344.150390625,0.9937975866143332,219300,0.7712143603339195,0.8996785996233128,0.8661510819291525,0.8454739967134597,0.3020098722236055,18409.650390625
2022-11-17,18358.69921875,18417.599609375,18312.94921875,0.9877470477921393,200500,0.7272004026798943,0.9053653273452931,0.7862983634378535,0.8273053865147327,0.27820357917839883,18343.900390625
2022-11-18,18382.94921875,18394.599609375,18209.80078125,0.9844111993920703,198800,0.7029575377039046,0.908442488543427,0.7346741973809449,0.8158245681322583,0.2764708022733911,18307.650390625
2022-11-21,18246.400390625,18262.30078125,18133.349609375,0.9708192347606907,213800,0.6103913697902814,0.9072953631739953,0.5798878506030979,0.7870146548644446,0.2994105555849361,18159.94921875
2022-11-22,18179.150390625,18261.849609375,18137.69921875,0.9785722065594714,177700,0.6461830519741535,0.9042776183667995,0.6453394047247266,0.7993996678868995,0.25381323288132107,18244.19921875
2022-11-23,18325.19921875,18325.400390625,18246.0,0.980693417918179,178800,0.6559109684357953,0.9001405077052503,0.6516672973457165,0.8004532268771541,0.24875334593241957,18267.25
2022-11-24,18326.099609375,18529.69921875,18294.25,1.0,204000,0.7380386304507948,0.8980479365667082,0.8951055924580096,0.8333767868134528,0.2864473846734262,18484.099609375
2022-11-25,18528.44921875,18534.900390625,18445.099609375,1.0,205900,0.7477418990662789,0.8973314893524751,0.9165479668303493,0.83201637412886,0.2959967655274227,18512.75
2022-11-28,18430.55078125,18614.25,18365.599609375,1.0,206500,0.7649112963719424,0.897790882079988,0.9723954055300147,0.8342863931909693,0.2994715045335315,18562.75
2022-11-29,18552.44921875,18678.099609375,18552.150390625,1.0,195300,0.7837247061497731,0.8993096910215181,0.9881836835843235,0.8371835123944233,0.285068505939286,18618.05078125
2022-11-30,18625.69921875,18816.05078125,18616.55078125,1.0,345600,0.8276655625365137,0.9029072098004807,1.0,0.8536595631441636,0.504895049074558,18758.349609375
2022-12-01,18871.94921875,18887.599609375,18778.19921875,1.0,325000,0.8432987056382725,0.9079382976831345,1.0,0.8543975811584094,0.4696227265433376,18812.5
2022-12-02,18752.400390625,18781.94921875,18639.19921875,1.0,254400,0.7527031687988266,0.9116019354488613,0.8603694458347068,0.8273147683255074,0.36456414446562607,18696.099609375
2022-12-05,18719.55078125,18728.599609375,18591.349609375,1.0,288400,0.754511935666662,0.9138494896209314,0.8306664558923327,0.8226407619060843,0.41160072142226944,18701.05078125
2022-12-06,18600.650390625,18654.900390625,18577.900390625,1.0,217800,0.7090280294871676,0.9138628666538446,0.7376935141395452,0.8081594383124611,0.3169618598909943,18642.75
2022-12-07,18638.849609375,18668.30078125,18528.400390625,1.0,200500,0.6478728267289571,0.9109220077578196,0.6229835846296259,0.7912075226681101,0.2982451350524838,18560.5
2022-12-08,18570.849609375,18625.0,18536.94921875,1.0,202800,0.6712135321509554,0.9065128533655159,0.6659913770124426,0.797163168466911,0.3050654411495415,18609.349609375
2022-12-09,18662.400390625,18664.69921875,18410.099609375,1.0,215800,0.5906216122288115,0.8994649813667865,0.5008376239154724,0.7763412366694062,0.33609463716403465,18496.599609375
2022-12-12,18402.150390625,18521.55078125,18345.69921875,1.0,193900,0.5909262862808529,0.8907337960644053,0.48963321214715594,0.7758893701124755,0.30920782306651523,18497.150390625
2022-12-13,18524.400390625,18617.25,18490.19921875,1.0,187600,0.6504491047907504,0.8825202210845831,0.6336879530671327,0.79335852754771,0.30343374332403267,18608.0
2022-12-14,18671.25,18696.099609375,18632.900390625,1.0,208000,0.6764285136085947,0.8754023191964246,0.6895346487959692,0.7996492528829006,0.33728962590806666,18660.30078125
2022-12-15,18614.400390625,18652.900390625,18387.69921875,0.9942807094860673,183100,0.5120714129813002,0.8656689544718658,0.33221734032469036,0.7571379047926408,0.29808533201342524,18414.900390625
2022-12-16,18319.099609375,18440.94921875,18255.150390625,0.9808544588754237,277700,0.43656892598598046,0.8525010368044003,0.12940562712719553,0.7347450814309384,0.4441359008560323,18269.0
2022-12-19,18288.099609375,18431.650390625,18244.55078125,0.9947913315391166,154800,0.5200577364639283,0.8396227125189908,0.30548086162889165,0.7627317284198186,0.2508794529058013,18420.44921875
2022-12-20,18340.30078125,18404.900390625,18202.650390625,0.9915568526701705,169000,0.5015660933237777,0.8268549867880434,0.21832092221492566,0.757779152833066,0.2744326760845092,18385.30078125
2022-12-21,18435.150390625,18473.349609375,18162.75,0.9744219869794073,187600,0.4124589348725203,0.8120630240834837,0.0,0.7287259666143396,0.3040305002394924,18199.099609375
2022-12-22,18288.80078125,18318.75,18068.599609375,0.9678193077323743,195700,0.38203793187168317,0.7955987728910764,0.0,0.7209798046503927,0.3177538046584457,18127.349609375
2022-12-23,17977.650390625,18050.44921875,17779.5,0.9383213133752782,221500,0.2710529547331556,0.774438138816648,0.0,0.6732268517320665,0.35837851660300574,17806.80078125
2022-12-26,17830.400390625,18084.099609375,17774.25,0.9574436689156084,176700,0.38459121506871746,0.7541363525132584,0.06370469877282943,0.7163469666482097,0.28782958545566084,18014.599609375
2022-12-27,18089.80078125,18149.25,17967.44921875,0.9682749314227933,214300,0.44113096150354797,0.7369562386847182,0.2093865261988128,0.7407457834341612,0.3475763656288955,18132.30078125
2022-12-28,18084.75,18173.099609375,18068.349609375,0.9673730301689384,193900,0.43732604940450664,0.72246464393393,0.22817980997678977,0.7419645320877405,0.3256660677427979,18122.5
2022-12-29,18045.69921875,18229.69921875,17992.80078125,0.9736766333525169,281100,0.47120938364266574,0.7113427208243331,0.3134090817114823,0.7559175321131738,0.47702950087014995,18191.0
2022-12-30,18259.099609375,18265.25,18080.30078125,0.9657902995110178,192000,0.43472837870837194,0.7017775425910875,0.25286167692790845,0.7432467674303954,0.3307107184666734,18105.30078125
