Date,Close,High,Low,Open,Volume
2020-01-01,12182.5,12222.2001953125,12165.2998046875,12202.150390625,304100
2020-01-02,12282.2001953125,12289.900390625,12195.25,12198.5498046875,407700
2020-01-03,12226.650390625,12265.599609375,12191.349609375,12261.099609375,428800
2020-01-06,11993.0498046875,12179.099609375,11974.2001953125,12170.599609375,396500
2020-01-07,12052.9501953125,12152.150390625,12005.349609375,12079.099609375,447800
2020-01-08,12025.349609375,12044.9501953125,11929.599609375,11939.099609375,446000
2020-01-09,12215.900390625,12224.0498046875,12132.5498046875,12153.150390625,477500
2020-01-10,12256.7998046875,12311.2001953125,12213.2001953125,12271.0,660600
2020-01-13,12329.5498046875,12337.75,12285.7998046875,12296.7001953125,501000
2020-01-14,12362.2998046875,12374.25,12308.7001953125,12333.099609375,616300
2020-01-15,12343.2998046875,12355.150390625,12278.75,12349.400390625,684400
2020-01-16,12355.5,12389.0498046875,12315.7998046875,12347.099609375,395700
2020-01-17,12352.349609375,12385.4501953125,12321.400390625,12328.400390625,502100
2020-01-20,12224.5498046875,12430.5,12216.900390625,12430.5,491600
2020-01-21,12169.849609375,12230.0498046875,12162.2998046875,12195.2998046875,400
2020-01-22,12106.900390625,12225.0498046875,12087.900390625,12218.349609375,500
2020-01-23,12180.349609375,12189.0,12094.099609375,12123.75,867700
2020-01-24,12248.25,12272.150390625,12149.650390625,12174.5498046875,593200
2020-01-27,12119.0,12216.599609375,12107.0,12197.099609375,441200
2020-01-28,12055.7998046875,12163.5498046875,12024.5,12148.099609375,478500
2020-01-29,12129.5,12169.599609375,12103.7998046875,12114.900390625,514400
2020-01-30,12035.7998046875,12150.2998046875,12010.599609375,12147.75,538100
2020-01-31,11962.099609375,12103.5498046875,11945.849609375,12100.400390625,771300
2020-02-03,11707.900390625,11749.849609375,11614.5,11627.4501953125,669800
2020-02-04,11979.650390625,11986.150390625,11783.400390625,11786.25,560400
2020-02-05,12089.150390625,12098.150390625,11953.349609375,12005.849609375,758000
2020-02-06,12137.9501953125,12160.599609375,12084.650390625,12120.0,565100
2020-02-07,12098.349609375,12154.7001953125,12073.9501953125,12151.150390625,473500
2020-02-10,12031.5,12103.5498046875,11990.75,12102.349609375,524700
2020-02-11,12107.900390625,12172.2998046875,12099.0,12108.400390625,480000
2020-02-12,12201.2001953125,12231.75,12144.2998046875,12151.0,411700
2020-02-13,12174.650390625,12225.650390625,12139.7998046875,12219.5498046875,501200
2020-02-14,12113.4501953125,12246.7001953125,12091.2001953125,12190.150390625,622800
2020-02-17,12045.7998046875,12159.599609375,12037.0,12131.7998046875,0
2020-02-18,11992.5,12030.75,11908.0498046875,12028.25,676900
2020-02-19,12125.900390625,12134.7001953125,12042.099609375,12090.599609375,513600
2020-02-20,12080.849609375,12152.0,12071.4501953125,12119.0,502600
2020-02-24,11829.400390625,12012.5498046875,11813.400390625,12012.5498046875,490800
2020-02-25,11797.900390625,11883.0498046875,11779.900390625,11877.5,461000
2020-02-26,11678.5,11783.25,11639.599609375,11738.5498046875,567600
2020-02-27,11633.2998046875,11663.849609375,11536.7001953125,11661.25,608600
2020-02-28,11201.75,11384.7998046875,11175.0498046875,11382.0,809900
2020-03-02,11132.75,11433.0,11036.25,11387.349609375,680800
2020-03-03,11303.2998046875,11342.25,11152.5498046875,11217.5498046875,696500
2020-03-04,11251.0,11356.599609375,11082.150390625,11351.349609375,797700
2020-03-05,11269.0,11389.5,11244.599609375,11306.0498046875,1352500
2020-03-06,10989.4501953125,11035.099609375,10827.400390625,10942.650390625,1811000
2020-03-09,10451.4501953125,10751.5498046875,10294.4501953125,10742.0498046875,1565500
2020-03-11,10458.400390625,10545.099609375,10334.0,10334.2998046875,1218500
2020-03-12,9590.150390625,10040.75,9508.0,10039.9501953125,1343500
2020-03-13,9955.2001953125,10159.400390625,8555.150390625,9107.599609375,1388000
2020-03-16,9197.400390625,9602.2001953125,9165.099609375,9587.7998046875,897700
2020-03-17,8967.0498046875,9403.7998046875,8915.599609375,9285.400390625,935600
2020-03-18,8468.7998046875,9127.5498046875,8407.0498046875,9088.4501953125,1516600
2020-03-19,8263.4501953125,8575.4501953125,7832.5498046875,8063.2998046875,925700
2020-03-20,8745.4501953125,8883.0,8178.2001953125,8284.4501953125,1071500
2020-03-23,7610.25,8159.25,7583.60009765625,7945.7001953125,653500
2020-03-24,7801.0498046875,8036.9501953125,7511.10009765625,7848.2998046875,738400
2020-03-25,8317.849609375,8376.75,7714.75,7735.14990234375,736900
2020-03-26,8641.4501953125,8749.0498046875,8304.900390625,8451.0,865600
2020-03-27,8660.25,9038.900390625,8522.900390625,8949.099609375,801500
2020-03-30,8281.099609375,8576.0,8244.0,8385.9501953125,593300
2020-03-31,8597.75,8678.2998046875,8358.0,8529.349609375,712700
2020-04-01,8253.7998046875,8588.099609375,8198.349609375,8584.099609375,506300
2020-04-03,8083.7998046875,8356.5498046875,8055.7998046875,8356.5498046875,697000
2020-04-07,8792.2001953125,8819.400390625,8360.9501953125,8446.2998046875,814200
2020-04-08,8748.75,9131.7001953125,8653.900390625,8688.900390625,896500
2020-04-09,9111.900390625,9128.349609375,8904.5498046875,8973.0498046875,742100
2020-04-13,8993.849609375,9112.0498046875,8912.400390625,9103.9501953125,644000
2020-04-15,8925.2998046875,9261.2001953125,8874.099609375,9196.400390625,879100
2020-04-16,8992.7998046875,9053.75,8821.900390625,8851.25,719400
2020-04-17,9266.75,9324.0,9091.349609375,9323.4501953125,684200
2020-04-20,9261.849609375,9390.849609375,9230.7998046875,9390.2001953125,726400
2020-04-21,8981.4501953125,9044.400390625,8909.400390625,9016.9501953125,655100
2020-04-22,9187.2998046875,9209.75,8946.25,9026.75,734400
2020-04-23,9313.900390625,9343.599609375,9170.150390625,9232.349609375,666700
2020-04-24,9154.400390625,9296.900390625,9141.2998046875,9163.900390625,659400
2020-04-27,9282.2998046875,9377.099609375,9250.349609375,9259.7001953125,512800
2020-04-28,9380.900390625,9404.400390625,9260.0,9389.7998046875,614500
2020-04-29,9553.349609375,9599.849609375,9392.349609375,9408.599609375,653000
2020-04-30,9859.900390625,9889.0498046875,9731.5,9753.5,931200
2020-05-04,9293.5,9533.5,9266.9501953125,9533.5,687500
2020-05-05,9205.599609375,9450.900390625,9190.75,9429.400390625,725200
2020-05-06,9270.900390625,9346.900390625,9116.5,9226.7998046875,722200
2020-05-07,9199.0498046875,9277.849609375,9175.900390625,9234.0498046875,708700
2020-05-08,9251.5,9382.650390625,9238.2001953125,9376.9501953125,609100
2020-05-11,9239.2001953125,9439.900390625,9219.9501953125,9348.150390625,704600
2020-05-12,9196.5498046875,9240.849609375,9043.9501953125,9168.849609375,805500
2020-05-13,9383.5498046875,9584.5,9351.099609375,9584.2001953125,846400
2020-05-14,9142.75,9281.099609375,9119.75,9213.9501953125,602600
2020-05-15,9136.849609375,9182.400390625,9050.0,9182.400390625,575900
2020-05-18,8823.25,9158.2998046875,8806.75,9158.2998046875,773000
2020-05-19,8879.099609375,9030.349609375,8855.2998046875,8961.7001953125,762200
2020-05-20,9066.5498046875,9093.7998046875,8875.349609375,8889.150390625,622300
2020-05-21,9106.25,9178.5498046875,9056.099609375,9079.4501953125,631500
2020-05-22,9039.25,9149.599609375,8968.5498046875,9067.900390625,675800
2020-05-26,9029.0498046875,9161.650390625,8996.650390625,9099.75,655000
2020-05-27,9314.9501953125,9334.0,9004.25,9082.2001953125,763500
2020-05-28,9490.099609375,9511.25,9336.5,9364.9501953125,837900
2020-05-29,9580.2998046875,9598.849609375,9376.900390625,9422.2001953125,967000
2020-06-01,9826.150390625,9931.599609375,9706.9501953125,9726.849609375,794200
2020-06-02,9979.099609375,9995.599609375,9824.0498046875,9880.849609375,770200
2020-06-03,10061.5498046875,10176.2001953125,10035.5498046875,10108.2998046875,794700
2020-06-04,10029.099609375,10123.849609375,9944.25,10054.25,775100
2020-06-05,10142.150390625,10177.7998046875,10040.75,10093.7998046875,987100
2020-06-08,10167.4501953125,10328.5,10120.25,10326.75,936500
2020-06-09,10046.650390625,10291.150390625,10021.4501953125,10181.150390625,754200
2020-06-10,10116.150390625,10148.75,10036.849609375,10072.599609375,632400
2020-06-11,9902.0,10112.0498046875,9885.0498046875,10094.099609375,715500
2020-06-12,9972.900390625,9996.0498046875,9544.349609375,9544.9501953125,796300
2020-06-15,9813.7001953125,9943.349609375,9726.349609375,9919.349609375,716100
2020-06-16,9914.0,10046.150390625,9728.5,10014.7998046875,899900
2020-06-17,9881.150390625,10003.599609375,9833.7998046875,9876.7001953125,685400
2020-06-18,10091.650390625,10111.2001953125,9845.0498046875,9863.25,622900
2020-06-19,10244.400390625,10272.400390625,10072.650390625,10119.0,892100
2020-06-22,10311.2001953125,10393.650390625,10277.599609375,10318.75,685400
2020-06-23,10471.0,10484.7001953125,10301.75,10347.9501953125,669200
2020-06-24,10305.2998046875,10553.150390625,10281.9501953125,10529.25,854800
2020-06-25,10288.900390625,10361.7998046875,10194.5,10235.5498046875,994200
2020-06-26,10383.0,10409.849609375,10311.25,10378.900390625,671900
2020-06-29,10312.400390625,10337.9501953125,10223.599609375,10311.9501953125,574500
2020-06-30,10302.099609375,10401.0498046875,10267.349609375,10382.599609375,556200
2020-07-01,10430.0498046875,10447.0498046875,10299.599609375,10323.7998046875,573600
2020-07-02,10551.7001953125,10598.2001953125,10485.5498046875,10493.0498046875,597400
2020-07-03,10607.349609375,10631.2998046875,10562.650390625,10614.9501953125,525200
2020-07-06,10763.650390625,10811.400390625,10695.099609375,10723.849609375,571200
2020-07-07,10799.650390625,10813.7998046875,10689.7001953125,10802.849609375,636800
2020-07-08,10705.75,10847.849609375,10676.5498046875,10818.650390625,767900
2020-07-09,10813.4501953125,10836.849609375,10733.0,10755.5498046875,618700
2020-07-10,10768.0498046875,10819.400390625,10713.0,10764.099609375,590700
2020-07-13,10802.7001953125,10894.0498046875,10756.0498046875,10851.849609375,554100
2020-07-14,10607.349609375,10755.650390625,10562.900390625,10750.849609375,532400
2020-07-15,10618.2001953125,10827.4501953125,10577.75,10701.0,715900
2020-07-16,10739.9501953125,10755.2998046875,10595.2001953125,10706.2001953125,694400
2020-07-17,10901.7001953125,10933.4501953125,10749.650390625,10752.0,676900
2020-07-20,11022.2001953125,11037.900390625,10953.0,10999.4501953125,554300
2020-07-21,11162.25,11179.5498046875,11113.25,11126.099609375,772000
2020-07-22,11132.599609375,11238.099609375,11056.5498046875,11231.2001953125,765100
2020-07-23,11215.4501953125,11239.7998046875,11103.150390625,11135.0,621600
2020-07-24,11194.150390625,11225.400390625,11090.2998046875,11149.9501953125,678900
2020-07-27,11131.7998046875,11225.0,11087.849609375,11225.0,588100
2020-07-28,11300.5498046875,11317.75,11151.400390625,11154.099609375,683900
2020-07-29,11202.849609375,11341.400390625,11149.75,11276.900390625,600700
2020-07-30,11102.150390625,11299.9501953125,11084.9501953125,11254.2998046875,677800
2020-07-31,11073.4501953125,11150.400390625,11026.650390625,11139.5,642600
2020-08-03,10891.599609375,11058.0498046875,10882.25,11057.5498046875,680900
2020-08-04,11095.25,11112.25,10908.099609375,10946.650390625,625700
2020-08-05,11101.650390625,11225.650390625,11064.0498046875,11155.75,667600
2020-08-06,11200.150390625,11256.7998046875,11127.2998046875,11185.7001953125,600400
2020-08-07,11214.0498046875,11231.900390625,11142.0498046875,11186.650390625,452600
2020-08-10,11270.150390625,11337.2998046875,11238.0,11270.25,492000
2020-08-11,11322.5,11373.599609375,11299.150390625,11322.25,586100
2020-08-12,11308.400390625,11322.0,11242.650390625,11289.0,609900
2020-08-13,11300.4501953125,11359.2998046875,11269.9501953125,11334.849609375,562400
2020-08-14,11178.400390625,11366.25,11111.4501953125,11353.2998046875,645100
2020-08-17,11247.099609375,11267.099609375,11144.5,11248.900390625,634000
2020-08-18,11385.349609375,11401.7001953125,11253.150390625,11259.7998046875,579200
2020-08-19,11408.400390625,11460.349609375,11394.099609375,11452.150390625,626200
2020-08-20,11312.2001953125,11361.4501953125,11289.7998046875,11317.4501953125,791600
2020-08-21,11371.599609375,11418.5,11362.2001953125,11409.650390625,668700
2020-08-24,11466.4501953125,11497.25,11410.650390625,11412.0,532900
2020-08-25,11472.25,11525.900390625,11423.349609375,11513.099609375,638200
2020-08-26,11549.599609375,11561.75,11461.849609375,11512.849609375,743400
2020-08-27,11559.25,11617.349609375,11540.599609375,11609.2998046875,719800
2020-08-28,11647.599609375,11686.0498046875,11589.400390625,11602.9501953125,807000
2020-08-31,11387.5,11794.25,11325.849609375,11777.5498046875,1371800
2020-09-01,11470.25,11553.5498046875,11366.900390625,11464.2998046875,783800
2020-09-02,11535.0,11554.75,11430.400390625,11478.5498046875,593500
2020-09-03,11527.4501953125,11584.9501953125,11507.650390625,11566.2001953125,607100
2020-09-04,11333.849609375,11452.0498046875,11303.650390625,11354.400390625,681300
2020-09-07,11355.0498046875,11381.150390625,11251.7001953125,11359.599609375,560300
2020-09-08,11317.349609375,11437.25,11290.4501953125,11378.5498046875,572200
2020-09-09,11278.0,11298.150390625,11185.150390625,11218.599609375,728900
2020-09-10,11449.25,11464.0498046875,11327.400390625,11363.2998046875,679400
2020-09-11,11464.4501953125,11493.5,11419.900390625,11447.7998046875,554800
2020-09-14,11440.0498046875,11568.900390625,11383.5498046875,11540.150390625,642300
2020-09-15,11521.7998046875,11535.9501953125,11442.25,11487.2001953125,506700
2020-09-16,11604.5498046875,11618.099609375,11516.75,11538.4501953125,527800
2020-09-17,11516.099609375,11587.2001953125,11498.5,11539.400390625,0
2020-09-18,11504.9501953125,11584.099609375,11446.099609375,11584.099609375,764200
2020-09-21,11250.5498046875,11535.25,11218.5,11503.7998046875,602900
2020-09-22,11153.650390625,11302.2001953125,11084.650390625,11301.75,672200
2020-09-23,11131.849609375,11259.5498046875,11024.400390625,11258.75,714900
2020-09-24,10805.5498046875,11015.2998046875,10790.2001953125,11011.0,706100
2020-09-25,11050.25,11072.599609375,10854.849609375,10910.400390625,559600
2020-09-28,11227.5498046875,11239.349609375,11099.849609375,11140.849609375,472800
2020-09-29,11222.400390625,11305.400390625,11181.0,11288.599609375,498300
2020-09-30,11247.5498046875,11295.400390625,11184.5498046875,11244.4501953125,499300
2020-10-01,11416.9501953125,11428.599609375,11347.0498046875,11364.4501953125,447700
2020-10-05,11503.349609375,11578.0498046875,11452.2998046875,11487.7998046875,530600
2020-10-06,11662.400390625,11680.2998046875,11564.2998046875,11603.4501953125,561400
2020-10-07,11738.849609375,11763.0498046875,11629.349609375,11679.25,513400
2020-10-08,11834.599609375,11905.7001953125,11791.150390625,11835.400390625,608800
2020-10-09,11914.2001953125,11938.599609375,11805.2001953125,11852.0498046875,611100
2020-10-12,11930.9501953125,12022.0498046875,11867.2001953125,11973.5498046875,522600
2020-10-13,11934.5,11988.2001953125,11888.900390625,11934.650390625,458300
2020-10-14,11971.0498046875,11997.2001953125,11822.150390625,11917.400390625,569200
2020-10-15,11680.349609375,12025.4501953125,11661.2998046875,12023.4501953125,608900
2020-10-16,11762.4501953125,11789.75,11667.849609375,11727.400390625,555800
2020-10-19,11873.0498046875,11898.25,11820.400390625,11879.2001953125,541400
2020-10-20,11896.7998046875,11949.25,11837.25,11861.0,453600
2020-10-21,11937.650390625,12018.650390625,11775.75,11958.5498046875,623700
2020-10-22,11896.4501953125,11939.5498046875,11823.4501953125,11890.0,544900
2020-10-23,11930.349609375,11974.5498046875,11908.75,11957.900390625,502300
2020-10-26,11767.75,11942.849609375,11711.7001953125,11937.400390625,519800
2020-10-27,11889.400390625,11899.0498046875,11723.0,11807.099609375,616300
2020-10-28,11729.599609375,11929.400390625,11684.849609375,11922.599609375,704000
2020-10-29,11670.7998046875,11744.150390625,11606.4501953125,11633.2998046875,555000
2020-10-30,11642.400390625,11748.9501953125,11535.4501953125,11678.4501953125,553700
2020-11-02,11669.150390625,11725.650390625,11557.400390625,11697.349609375,568400
2020-11-03,11813.5,11836.2001953125,11723.2998046875,11734.4501953125,674300
2020-11-04,11908.5,11929.650390625,11756.400390625,11783.349609375,667300
2020-11-05,12120.2998046875,12131.099609375,12027.599609375,12062.400390625,632500
2020-11-06,12263.5498046875,12280.400390625,12131.849609375,12156.650390625,576800
2020-11-09,12461.0498046875,12474.0498046875,12367.349609375,12399.400390625,553400
2020-11-10,12631.099609375,12643.900390625,12475.25,12556.400390625,847500
2020-11-11,12749.150390625,12769.75,12571.099609375,12680.599609375,880500
2020-11-12,12690.7998046875,12741.150390625,12624.849609375,12702.150390625,622000
2020-11-13,12719.9501953125,12735.9501953125,12607.7001953125,12659.7001953125,513900
2020-11-17,12874.2001953125,12934.0498046875,12797.099609375,12932.5,707700
2020-11-18,12938.25,12948.849609375,12819.349609375,12860.099609375,731300
2020-11-19,12771.7001953125,12963.0,12745.75,12839.5,768800
2020-11-20,12859.0498046875,12892.4501953125,12730.25,12813.400390625,664000
2020-11-23,12926.4501953125,12968.849609375,12825.7001953125,12960.2998046875,633100
2020-11-24,13055.150390625,13079.099609375,12978.0,13002.599609375,571900
2020-11-25,12858.400390625,13145.849609375,12833.650390625,13130.0,679000
2020-11-26,12987.0,13018.0,12790.400390625,12906.4501953125,549800
2020-11-27,12968.9501953125,13035.2998046875,12914.2998046875,13012.0498046875,1162400
2020-12-01,13109.0498046875,13128.400390625,12962.7998046875,13062.2001953125,583600
2020-12-02,13113.75,13128.5,12983.5498046875,13121.400390625,717700
2020-12-03,13133.900390625,13216.599609375,13107.900390625,13215.2998046875,713700
2020-12-04,13258.5498046875,13280.0498046875,13152.849609375,13177.400390625,640500
2020-12-07,13355.75,13366.650390625,13241.9501953125,13264.849609375,591700
2020-12-08,13392.9501953125,13435.4501953125,13311.0498046875,13393.849609375,543200
2020-12-09,13529.099609375,13548.900390625,13449.599609375,13458.099609375,502600
2020-12-10,13478.2998046875,13503.5498046875,13399.2998046875,13488.5,553400
2020-12-11,13513.849609375,13579.349609375,13402.849609375,13512.2998046875,787700
2020-12-14,13558.150390625,13597.5,13472.4501953125,13571.4501953125,558400
2020-12-15,13567.849609375,13589.650390625,13447.0498046875,13547.2001953125,497600
2020-12-16,13682.7001953125,13692.349609375,13606.4501953125,13663.099609375,462200
2020-12-17,13740.7001953125,13773.25,13673.5498046875,13713.5498046875,416000
2020-12-18,13760.5498046875,13772.849609375,13658.599609375,13764.400390625,519400
2020-12-21,13328.400390625,13777.5,13131.4501953125,13741.900390625,687300
2020-12-22,13466.2998046875,13492.0498046875,13192.900390625,13373.650390625,696200
2020-12-23,13601.099609375,13619.4501953125,13432.2001953125,13473.5,458700
2020-12-24,13749.25,13771.75,13626.900390625,13672.150390625,471400
2020-12-28,13873.2001953125,13885.2998046875,13811.5498046875,13815.150390625,403600
2020-12-29,13932.599609375,13967.599609375,13859.900390625,13910.349609375,439600
2020-12-30,13981.9501953125,13997.0,13864.9501953125,13980.900390625,380700
2020-12-31,13981.75,14024.849609375,13936.4501953125,13970.0,452400
2021-01-01,14018.5,14049.849609375,13991.349609375,13996.099609375,358100
2021-01-04,14132.900390625,14147.9501953125,13953.75,14104.349609375,495000
2021-01-05,14199.5,14215.599609375,14048.150390625,14075.150390625,492500
2021-01-06,14146.25,14244.150390625,14039.900390625,14240.9501953125,632300
2021-01-07,14137.349609375,14256.25,14123.099609375,14253.75,559200
2021-01-08,14347.25,14367.2998046875,14221.650390625,14258.400390625,613500
2021-01-11,14484.75,14498.2001953125,14383.099609375,14474.0498046875,672900
2021-01-12,14563.4501953125,14590.650390625,14432.849609375,14473.7998046875,929600
2021-01-13,14564.849609375,14653.349609375,14435.7001953125,14639.7998046875,874000
2021-01-14,14595.599609375,14617.7998046875,14471.5,14550.0498046875,620200
2021-01-15,14433.7001953125,14617.4501953125,14357.849609375,14594.349609375,789600
2021-01-18,14281.2998046875,14459.150390625,14222.7998046875,14453.2998046875,762000
2021-01-19,14521.150390625,14546.0498046875,14350.849609375,14371.650390625,546100
2021-01-20,14644.7001953125,14666.4501953125,14517.5498046875,14538.2998046875,623100
2021-01-21,14590.349609375,14753.5498046875,14517.25,14730.9501953125,704600
2021-01-22,14371.900390625,14619.900390625,14357.75,14583.400390625,776800
2021-01-25,14238.900390625,14491.099609375,14218.599609375,14477.7998046875,618600
2021-01-27,13967.5,14237.9501953125,13929.2998046875,14237.9501953125,660700
2021-01-28,13817.5498046875,13898.25,13713.25,13810.400390625,637900
2021-01-29,13634.599609375,13966.849609375,13596.75,13946.599609375,753200
2021-02-01,14281.2001953125,14336.349609375,13661.75,13758.599609375,870500
2021-02-02,14647.849609375,14731.7001953125,14469.150390625,14481.099609375,915000
2021-02-03,14789.9501953125,14868.849609375,14574.150390625,14754.900390625,869500
2021-02-04,14895.650390625,14913.7001953125,14714.75,14789.0498046875,884700
2021-02-05,14924.25,15014.650390625,14864.75,14952.599609375,935600
2021-02-08,15115.7998046875,15159.900390625,15041.0498046875,15064.2998046875,671200
2021-02-09,15109.2998046875,15257.099609375,15064.2998046875,15164.150390625,713300
2021-02-10,15106.5,15168.25,14977.2001953125,15119.0498046875,624800
2021-02-11,15173.2998046875,15188.5,15065.400390625,15073.25,500100
2021-02-12,15163.2998046875,15243.5,15081.0,15186.2001953125,571800
2021-02-15,15314.7001953125,15340.150390625,15243.400390625,15270.2998046875,456000
2021-02-16,15313.4501953125,15431.75,15242.2001953125,15371.4501953125,648500
2021-02-17,15208.900390625,15314.2998046875,15170.75,15279.900390625,504800
2021-02-18,15118.9501953125,15250.75,15078.0498046875,15238.7001953125,770600
2021-02-19,14981.75,15144.0498046875,14898.2001953125,15074.7998046875,712200
2021-02-22,14675.7001953125,15010.099609375,14635.0498046875,14999.0498046875,609900
2021-02-23,14707.7998046875,14854.5,14651.849609375,14782.25,744100
2021-02-24,14982.0,15008.7998046875,14504.5,14729.150390625,403800
2021-02-25,15097.349609375,15176.5,15065.349609375,15079.849609375,803900
2021-02-26,14529.150390625,14919.4501953125,14467.75,14888.599609375,1103600
2021-03-01,14761.5498046875,14806.7998046875,14638.5498046875,14702.5,507300
2021-03-02,14919.099609375,14959.099609375,14760.7998046875,14865.2998046875,621700
2021-03-03,15245.599609375,15273.150390625,14995.7998046875,15064.400390625,544200
2021-03-04,15080.75,15202.349609375,14980.2001953125,15026.75,534900
2021-03-05,14938.099609375,15092.349609375,14862.099609375,14977.9501953125,640700
2021-03-08,14956.2001953125,15111.150390625,14919.900390625,15002.4501953125,0
2021-03-09,15098.400390625,15126.849609375,14925.4501953125,15049.900390625,675300
2021-03-10,15174.7998046875,15218.4501953125,15100.849609375,15202.150390625,404600
2021-03-12,15030.9501953125,15336.2998046875,14953.599609375,15321.150390625,493200
2021-03-15,14929.5,15048.400390625,14745.849609375,15048.400390625,467500
2021-03-16,14910.4501953125,15051.599609375,14890.650390625,14996.099609375,100
2021-03-17,14721.2998046875,14956.5498046875,14696.0498046875,14946.5498046875,100
2021-03-18,14557.849609375,14875.2001953125,14478.599609375,14855.5,542200
2021-03-19,14744.0,14788.25,14350.099609375,14471.150390625,919200
2021-03-22,14736.400390625,14763.900390625,14597.849609375,14736.2998046875,459000
2021-03-23,14814.75,14878.599609375,14707.0,14768.5498046875,474200
2021-03-24,14549.400390625,14752.349609375,14535.0,14712.4501953125,456400
2021-03-25,14324.900390625,14575.599609375,14264.400390625,14570.900390625,606800
2021-03-26,14507.2998046875,14572.900390625,14414.25,14506.2998046875,481000
2021-03-30,14845.099609375,14876.2998046875,14617.599609375,14628.5,594500
2021-03-31,14690.7001953125,14813.75,14670.25,14811.849609375,463900
2021-04-01,14867.349609375,14883.2001953125,14692.4501953125,14798.400390625,445000
2021-04-05,14637.7998046875,14849.849609375,14459.5,14837.7001953125,509700
2021-04-06,14683.5,14779.099609375,14573.900390625,14737.0,475300
2021-04-07,14819.0498046875,14879.7998046875,14649.849609375,14716.4501953125,0
2021-04-08,14873.7998046875,14984.150390625,14821.099609375,14875.650390625,514800
2021-04-09,14834.849609375,14918.4501953125,14785.650390625,14882.650390625,504100
2021-04-12,14310.7998046875,14652.5,14248.7001953125,14644.650390625,650200
2021-04-13,14504.7998046875,14528.900390625,14274.900390625,14364.900390625,605100
2021-04-15,14581.4501953125,14597.5498046875,14353.2001953125,14522.400390625,568000
2021-04-16,14617.849609375,14697.7001953125,14559.0,14599.599609375,577200
2021-04-19,14359.4501953125,14382.2998046875,14191.400390625,14306.599609375,512300
2021-04-20,14296.400390625,14526.9501953125,14207.2998046875,14526.7001953125,467400
2021-04-22,14406.150390625,14424.75,14151.400390625,14219.150390625,524600
2021-04-23,14341.349609375,14461.150390625,14273.2998046875,14326.349609375,498100
2021-04-26,14485.0,14557.5,14421.2998046875,14449.4501953125,452700
2021-04-27,14653.0498046875,14667.5498046875,14484.849609375,14493.7998046875,451800
2021-04-28,14864.5498046875,14890.25,14694.9501953125,14710.5,457000
2021-04-29,14894.900390625,15044.349609375,14814.4501953125,14979.0,517500
2021-04-30,14631.099609375,14855.4501953125,14601.7001953125,14747.349609375,613900
2021-05-03,14634.150390625,14673.849609375,14416.25,14481.0498046875,448900
2021-05-04,14496.5,14723.400390625,14461.5,14687.25,503400
2021-05-05,14617.849609375,14637.900390625,14506.599609375,14604.150390625,455900
2021-05-06,14724.7998046875,14743.900390625,14611.5,14668.349609375,467800
2021-05-07,14823.150390625,14863.0498046875,14765.5,14816.849609375,488000
2021-05-10,14942.349609375,14966.900390625,14892.5,14928.25,522000
2021-05-11,14850.75,14900.0,14771.400390625,14789.7001953125,647400
2021-05-12,14696.5,14824.0498046875,14649.7001953125,14823.5498046875,643800
2021-05-14,14677.7998046875,14749.650390625,14591.900390625,14749.400390625,620700
2021-05-17,14923.150390625,14938.0,14725.349609375,14756.25,546400
2021-05-18,15108.099609375,15137.25,15043.7001953125,15067.2001953125,583900
2021-05-19,15030.150390625,15133.400390625,15008.849609375,15058.599609375,569100
2021-05-20,14906.0498046875,15069.7998046875,14884.900390625,15042.599609375,480300
2021-05-21,15175.2998046875,15190.0,14985.849609375,14987.7998046875,572900
2021-05-24,15197.7001953125,15256.25,15145.4501953125,15211.349609375,579800
2021-05-25,15208.4501953125,15293.849609375,15163.400390625,15291.75,441500
2021-05-26,15301.4501953125,15319.900390625,15194.9501953125,15257.0498046875,384000
2021-05-27,15337.849609375,15384.5498046875,15272.5,15323.9501953125,0
2021-05-28,15435.650390625,15469.650390625,15394.75,15421.2001953125,468100
2021-05-31,15582.7998046875,15606.349609375,15374.0,15437.75,436000
2021-06-01,15574.849609375,15660.75,15528.2998046875,15629.650390625,409600
2021-06-02,15576.2001953125,15597.4501953125,15459.849609375,15520.349609375,428600
2021-06-03,15690.349609375,15705.099609375,15611.0,15655.5498046875,410200
2021-06-04,15670.25,15733.599609375,15622.349609375,15712.5,414200
2021-06-07,15751.650390625,15773.4501953125,15678.099609375,15725.099609375,394000
2021-06-08,15740.099609375,15778.7998046875,15680.0,15773.900390625,378200
2021-06-09,15635.349609375,15800.4501953125,15566.900390625,15766.2998046875,457900
2021-06-10,15737.75,15751.25,15648.5,15692.099609375,298300
2021-06-11,15799.349609375,15835.5498046875,15749.7998046875,15796.4501953125,363000
2021-06-14,15811.849609375,15823.0498046875,15606.5,15791.400390625,392900
2021-06-15,15869.25,15901.599609375,15842.400390625,15866.9501953125,323300
2021-06-16,15767.5498046875,15880.849609375,15742.599609375,15847.5,340200
2021-06-17,15691.400390625,15769.349609375,15616.75,15648.2998046875,357600
2021-06-18,15683.349609375,15761.5,15450.900390625,15756.5,640800
2021-06-21,15746.5,15765.150390625,15505.650390625,15525.849609375,351500
2021-06-22,15772.75,15895.75,15752.099609375,15840.5,322200
2021-06-23,15686.9501953125,15862.9501953125,15673.9501953125,15862.7998046875,287500
2021-06-24,15790.4501953125,15821.400390625,15702.7001953125,15737.2998046875,316700
2021-06-25,15860.349609375,15870.7998046875,15772.2998046875,15839.349609375,314600
2021-06-28,15814.7001953125,15915.650390625,15792.150390625,15915.349609375,255100
2021-06-29,15748.4501953125,15835.900390625,15724.0498046875,15807.5,360300
2021-06-30,15721.5,15839.099609375,15708.75,15776.900390625,262400
2021-07-01,15680.0,15755.5498046875,15667.0498046875,15755.0498046875,224900
2021-07-02,15722.2001953125,15738.349609375,15635.9501953125,15705.849609375,254800
2021-07-05,15834.349609375,15845.9501953125,15762.0498046875,15793.400390625,207000
2021-07-06,15818.25,15914.2001953125,15801.0,15813.75,391400
2021-07-07,15879.650390625,15893.5498046875,15779.7001953125,15819.599609375,329300
2021-07-08,15727.900390625,15885.75,15682.900390625,15855.400390625,307900
2021-07-09,15689.7998046875,15730.849609375,15632.75,15688.25,243200
2021-07-12,15692.599609375,15789.2001953125,15644.75,15766.7998046875,216300
2021-07-13,15812.349609375,15820.7998046875,15744.599609375,15794.0,246700
2021-07-14,15853.9501953125,15877.349609375,15764.2001953125,15808.7001953125,0
2021-07-15,15924.2001953125,15952.349609375,15855.0,15872.150390625,284900
2021-07-16,15923.400390625,15962.25,15882.599609375,15958.349609375,276300
2021-07-19,15752.400390625,15836.900390625,15707.5,15754.5,242100
2021-07-20,15632.099609375,15728.4501953125,15578.5498046875,15703.9501953125,274300
2021-07-22,15824.0498046875,15834.7998046875,15726.400390625,15736.599609375,265300
2021-07-23,15856.0498046875,15899.7998046875,15768.400390625,15856.7998046875,294100
2021-07-26,15824.4501953125,15893.349609375,15797.0,15849.2998046875,267100
2021-07-27,15746.4501953125,15881.5498046875,15701.0,15860.5,311000
2021-07-28,15709.400390625,15767.5,15513.4501953125,15761.5498046875,318600
2021-07-29,15778.4501953125,15817.349609375,15737.7998046875,15762.7001953125,401600
2021-07-30,15763.0498046875,15862.7998046875,15744.849609375,15800.599609375,400000
2021-08-02,15885.150390625,15892.900390625,15834.650390625,15874.900390625,244800
2021-08-03,16130.75,16146.900390625,15914.349609375,15951.5498046875,341300
2021-08-04,16258.7998046875,16290.2001953125,16176.150390625,16195.25,427300
2021-08-05,16294.599609375,16349.4501953125,16210.2998046875,16288.9501953125,418200
2021-08-06,16238.2001953125,16336.75,16223.2998046875,16304.400390625,320100
2021-08-09,16258.25,16320.75,16179.0498046875,16281.349609375,240500
2021-08-10,16280.099609375,16359.25,16202.25,16274.7998046875,288000
2021-08-11,16282.25,16338.75,16162.5498046875,16327.2998046875,277900
2021-08-12,16364.400390625,16375.5,16286.900390625,16303.650390625,280200
2021-08-13,16529.099609375,16543.599609375,16376.2998046875,16385.69921875,321900
2021-08-16,16563.05078125,16589.400390625,16480.75,16518.400390625,254000
2021-08-17,16614.599609375,16628.55078125,16495.400390625,16545.25,297400
2021-08-18,16568.849609375,16701.849609375,16535.849609375,16691.94921875,251800
2021-08-20,16450.5,16509.55078125,16376.0498046875,16382.5,350800
2021-08-23,16496.44921875,16592.5,16395.69921875,16592.25,275600
2021-08-24,16624.599609375,16647.099609375,16495.30078125,16561.400390625,275400
2021-08-25,16634.650390625,16712.44921875,16617.5,16654.0,265900
2021-08-26,16636.900390625,16683.69921875,16603.400390625,16627.94921875,253500
2021-08-27,16705.19921875,16722.05078125,16565.599609375,16642.55078125,217400
2021-08-30,16931.05078125,16951.5,16764.849609375,16775.849609375,283500
2021-08-31,17132.19921875,17153.5,16915.849609375,16947.5,464400
2021-09-01,17076.25,17225.75,17055.05078125,17185.599609375,301900
2021-09-02,17234.150390625,17245.5,17059.69921875,17095.400390625,242400
2021-09-03,17323.599609375,17340.099609375,17212.19921875,17262.44921875,261400
2021-09-06,17377.80078125,17429.55078125,17345.55078125,17399.349609375,228000
2021-09-07,17362.099609375,17436.5,17287.0,17401.55078125,243400
2021-09-08,17353.5,17383.400390625,17254.19921875,17375.75,252700
2021-09-09,17369.25,17379.650390625,17302.69921875,17312.849609375,241500
2021-09-13,17355.30078125,17378.349609375,17269.150390625,17363.55078125,241100
2021-09-14,17380.0,17438.55078125,17367.05078125,17420.349609375,230400
2021-09-15,17519.44921875,17532.69921875,17386.900390625,17387.650390625,388200
2021-09-16,17629.5,17644.599609375,17510.44921875,17539.19921875,503300
2021-09-17,17585.150390625,17792.94921875,17537.650390625,17709.650390625,508300
2021-09-20,17396.900390625,17622.75,17361.80078125,17443.849609375,339100
2021-09-21,17562.0,17578.349609375,17326.099609375,17450.5,363600
2021-09-22,17546.650390625,17610.44921875,17524.0,17580.900390625,295200
2021-09-23,17822.94921875,17843.900390625,17646.55078125,17670.849609375,320500
2021-09-24,17853.19921875,17947.650390625,17819.400390625,17897.44921875,360100
2021-09-27,17855.099609375,17943.5,17802.900390625,17932.19921875,295700
2021-09-28,17748.599609375,17912.849609375,17576.099609375,17906.44921875,398000
2021-09-29,17711.30078125,17781.75,17608.150390625,17657.94921875,562200
2021-09-30,17618.150390625,17742.150390625,17585.349609375,17718.900390625,378600
2021-10-01,17532.05078125,17557.150390625,17452.900390625,17531.900390625,305800
2021-10-04,17691.25,17750.900390625,17581.349609375,17615.55078125,295800
2021-10-05,17822.30078125,17833.44921875,17640.900390625,17661.349609375,427000
2021-10-06,17646.0,17884.599609375,17613.150390625,17861.5,395800
2021-10-07,17790.349609375,17857.55078125,17763.80078125,17810.55078125,419900
2021-10-08,17895.19921875,17941.849609375,17840.349609375,17886.849609375,324100
2021-10-11,17945.94921875,18041.94921875,17839.099609375,17867.55078125,375800
2021-10-12,17991.94921875,18008.650390625,17864.94921875,17915.80078125,355600
2021-10-13,18161.75,18197.80078125,18050.75,18097.849609375,506700
2021-10-14,18338.55078125,18350.75,18248.69921875,18272.849609375,538700
2021-10-18,18477.05078125,18543.150390625,18445.30078125,18500.099609375,469900
2021-10-19,18418.75,18604.44921875,18377.69921875,18602.349609375,368200
2021-10-20,18266.599609375,18458.30078125,18209.349609375,18439.900390625,371300
2021-10-21,18178.099609375,18384.19921875,18048.0,18382.69921875,365900
2021-10-22,18114.900390625,18314.25,18034.349609375,18230.69921875,324700
2021-10-25,18125.400390625,18241.400390625,17968.5,18229.5,418700
2021-10-26,18268.400390625,18310.44921875,18099.30078125,18154.5,341400
2021-10-27,18210.94921875,18342.05078125,18167.900390625,18295.849609375,335200
2021-10-28,17857.25,18190.69921875,17799.44921875,18187.650390625,374200
2021-10-29,17671.650390625,17915.849609375,17613.099609375,17833.05078125,336500
2021-11-01,17929.650390625,17954.099609375,17697.099609375,17783.150390625,281200
2021-11-02,17888.94921875,18012.25,17847.599609375,17970.900390625,296400
2021-11-03,17829.19921875,17988.75,17757.94921875,17947.94921875,331000
2021-11-04,17916.80078125,17947.55078125,17900.599609375,17935.05078125,48500
2021-11-08,18068.55078125,18087.80078125,17836.099609375,18040.19921875,338900
2021-11-09,18044.25,18112.599609375,17983.05078125,18084.349609375,270200
2021-11-10,18017.19921875,18061.25,17915.0,17973.44921875,261400
2021-11-11,17873.599609375,17971.349609375,17798.19921875,17967.44921875,232100
2021-11-12,18102.75,18123.0,17905.900390625,17977.599609375,249100
2021-11-15,18109.44921875,18210.150390625,18071.30078125,18140.94921875,280400
2021-11-16,17999.19921875,18132.650390625,17958.80078125,18127.05078125,267400
2021-11-17,17898.650390625,18022.650390625,17879.25,17939.349609375,295700
2021-11-18,17764.80078125,17945.599609375,17688.5,17890.55078125,278400
2021-11-22,17416.55078125,17805.25,17280.44921875,17796.25,356400
2021-11-23,17503.349609375,17553.69921875,17216.099609375,17281.75,308800
2021-11-24,17415.05078125,17600.599609375,17354.0,17550.05078125,298100
2021-11-25,17536.25,17564.349609375,17351.69921875,17417.30078125,255900
2021-11-26,17026.44921875,17355.400390625,16985.69921875,17338.75,356300
2021-11-29,17053.94921875,17160.69921875,16782.400390625,17055.80078125,348900
2021-11-30,16983.19921875,17324.650390625,16931.400390625,17051.150390625,498000
2021-12-01,17166.900390625,17213.05078125,17064.25,17104.400390625,295500
2021-12-02,17401.650390625,17420.349609375,17149.30078125,17183.19921875,279900
2021-12-03,17196.69921875,17489.80078125,17180.80078125,17424.900390625,292500
2021-12-06,16912.25,17216.75,16891.69921875,17209.05078125,231700
2021-12-07,17176.69921875,17251.650390625,16987.75,17044.099609375,254100
2021-12-08,17469.75,17484.599609375,17308.94921875,17315.25,257800
2021-12-09,17516.849609375,17543.25,17379.599609375,17524.400390625,237200
2021-12-10,17511.30078125,17534.349609375,17405.25,17476.05078125,204500
2021-12-13,17368.25,17639.5,17355.94921875,17619.099609375,256600
2021-12-14,17324.900390625,17376.19921875,17225.80078125,17283.19921875,271000
2021-12-15,17221.400390625,17351.19921875,17192.19921875,17323.650390625,215000
2021-12-16,17248.400390625,17379.349609375,17184.94921875,17373.0,219500
2021-12-17,16985.19921875,17298.150390625,16966.44921875,17276.0,354600
2021-12-20,16614.19921875,16840.099609375,16410.19921875,16824.25,330600
2021-12-21,16770.849609375,16936.400390625,16688.25,16773.150390625,241000
2021-12-22,16955.44921875,16971.0,16819.5,16865.55078125,207900
2021-12-23,17072.599609375,17118.650390625,17015.55078125,17066.80078125,197000
2021-12-24,17003.75,17155.599609375,16909.599609375,17149.5,182600
2021-12-27,17086.25,17112.05078125,16833.19921875,16937.75,144800
2021-12-28,17233.25,17250.25,17161.150390625,17177.599609375,176000
2021-12-29,17213.599609375,17285.94921875,17176.650390625,17220.099609375,161700
2021-12-30,17203.94921875,17264.05078125,17146.349609375,17201.44921875,320800
2021-12-31,17354.05078125,17400.80078125,17238.5,17244.5,167000
